raceId,year,round,name
926,2015,1,Australian Grand Prix
927,2015,2,Malaysian Grand Prix
928,2015,3,Chinese Grand Prix
929,2015,4,Bahrain Grand Prix
930,2015,5,Spanish Grand Prix
931,2015,6,Monaco Grand Prix
932,2015,7,Canadian Grand Prix
933,2015,8,Austrian Grand Prix
934,2015,9,British Grand Prix
936,2015,10,Hungarian Grand Prix
937,2015,11,Belgian Grand Prix
938,2015,12,Italian Grand Prix
939,2015,13,Singapore Grand Prix
940,2015,14,Japanese Grand Prix
941,2015,15,Russian Grand Prix
942,2015,16,United States Grand Prix
943,2015,17,Mexican Grand Prix
944,2015,18,Brazilian Grand Prix
945,2015,19,Abu Dhabi Grand Prix
948,2016,1,Australian Grand Prix
949,2016,2,Bahrain Grand Prix
950,2016,3,Chinese Grand Prix
951,2016,4,Russian Grand Prix
952,2016,5,Spanish Grand Prix
953,2016,6,Monaco Grand Prix
954,2016,7,Canadian Grand Prix
955,2016,8,European Grand Prix
956,2016,9,Austrian Grand Prix
957,2016,10,British Grand Prix
958,2016,11,Hungarian Grand Prix
959,2016,12,German Grand Prix
960,2016,13,Belgian Grand Prix
961,2016,14,Italian Grand Prix
962,2016,15,Singapore Grand Prix
963,2016,16,Malaysian Grand Prix
964,2016,17,Japanese Grand Prix
965,2016,18,United States Grand Prix
966,2016,19,Mexican Grand Prix
967,2016,20,Brazilian Grand Prix
968,2016,21,Abu Dhabi Grand Prix
969,2017,1,Australian Grand Prix
970,2017,2,Chinese Grand Prix
971,2017,3,Bahrain Grand Prix
972,2017,4,Russian Grand Prix
973,2017,5,Spanish Grand Prix
974,2017,6,Monaco Grand Prix
975,2017,7,Canadian Grand Prix
976,2017,8,Azerbaijan Grand Prix
977,2017,9,Austrian Grand Prix
978,2017,10,British Grand Prix
979,2017,11,Hungarian Grand Prix
980,2017,12,Belgian Grand Prix
981,2017,13,Italian Grand Prix
982,2017,14,Singapore Grand Prix
983,2017,15,Malaysian Grand Prix
984,2017,16,Japanese Grand Prix
985,2017,17,United States Grand Prix
986,2017,18,Mexican Grand Prix
987,2017,19,Brazilian Grand Prix
988,2017,20,Abu Dhabi Grand Prix
989,2018,1,Australian Grand Prix
990,2018,2,Bahrain Grand Prix
991,2018,3,Chinese Grand Prix
992,2018,4,Azerbaijan Grand Prix
993,2018,5,Spanish Grand Prix
994,2018,6,Monaco Grand Prix
995,2018,7,Canadian Grand Prix
996,2018,8,French Grand Prix
997,2018,9,Austrian Grand Prix
998,2018,10,British Grand Prix
999,2018,11,German Grand Prix
1000,2018,12,Hungarian Grand Prix
1001,2018,13,Belgian Grand Prix
1002,2018,14,Italian Grand Prix
1003,2018,15,Singapore Grand Prix
1004,2018,16,Russian Grand Prix
1005,2018,17,Japanese Grand Prix
1006,2018,18,United States Grand Prix
1007,2018,19,Mexican Grand Prix
1008,2018,20,Brazilian Grand Prix
1009,2018,21,Abu Dhabi Grand Prix
1010,2019,1,Australian Grand Prix
1011,2019,2,Bahrain Grand Prix
1012,2019,3,Chinese Grand Prix
1013,2019,4,Azerbaijan Grand Prix
1014,2019,5,Spanish Grand Prix
1015,2019,6,Monaco Grand Prix
1016,2019,7,Canadian Grand Prix
1017,2019,8,French Grand Prix
1018,2019,9,Austrian Grand Prix
1019,2019,10,British Grand Prix
1020,2019,11,German Grand Prix
1021,2019,12,Hungarian Grand Prix
1022,2019,13,Belgian Grand Prix
1023,2019,14,Italian Grand Prix
1024,2019,15,Singapore Grand Prix
1025,2019,16,Russian Grand Prix
1026,2019,17,Japanese Grand Prix
1027,2019,18,Mexican Grand Prix
1028,2019,19,United States Grand Prix
1029,2019,20,Brazilian Grand Prix
1030,2019,21,Abu Dhabi Grand Prix
1031,2020,1,Austrian Grand Prix
1032,2020,2,Styrian Grand Prix
1033,2020,3,Hungarian Grand Prix
1034,2020,4,British Grand Prix
1035,2020,5,70th Anniversary Grand Prix
1036,2020,6,Spanish Grand Prix
1037,2020,7,Belgian Grand Prix
1038,2020,8,Italian Grand Prix
1039,2020,9,Tuscan Grand Prix
1040,2020,10,Russian Grand Prix
1041,2020,11,Eifel Grand Prix
1042,2020,12,Portuguese Grand Prix
1043,2020,13,Emilia Romagna Grand Prix
1044,2020,14,Turkish Grand Prix
1045,2020,15,Bahrain Grand Prix
1046,2020,16,Sakhir Grand Prix
1047,2020,17,Abu Dhabi Grand Prix
1051,2021,20,Qatar Grand Prix
1052,2021,1,Bahrain Grand Prix
1053,2021,2,Emilia Romagna Grand Prix
1054,2021,3,Portuguese Grand Prix
1055,2021,4,Spanish Grand Prix
1056,2021,5,Monaco Grand Prix
1057,2021,6,Azerbaijan Grand Prix
1058,2021,8,Styrian Grand Prix
1059,2021,7,French Grand Prix
1060,2021,9,Austrian Grand Prix
1061,2021,10,British Grand Prix
1062,2021,11,Hungarian Grand Prix
1063,2021,12,Belgian Grand Prix
1064,2021,13,Dutch Grand Prix
1065,2021,14,Italian Grand Prix
1066,2021,15,Russian Grand Prix
1067,2021,16,Turkish Grand Prix
1069,2021,17,United States Grand Prix
1070,2021,18,Mexico City Grand Prix
1071,2021,19,SÃ£o Paulo Grand Prix
1072,2021,21,Saudi Arabian Grand Prix
1073,2021,22,Abu Dhabi Grand Prix
1074,2022,1,Bahrain Grand Prix
1075,2022,2,Saudi Arabian Grand Prix
1076,2022,3,Australian Grand Prix
1077,2022,4,Emilia Romagna Grand Prix
1078,2022,5,Miami Grand Prix
1079,2022,6,Spanish Grand Prix
1080,2022,7,Monaco Grand Prix
1081,2022,8,Azerbaijan Grand Prix
1082,2022,9,Canadian Grand Prix
1083,2022,10,British Grand Prix
1084,2022,11,Austrian Grand Prix
1085,2022,12,French Grand Prix
1086,2022,13,Hungarian Grand Prix
1087,2022,14,Belgian Grand Prix
1088,2022,15,Dutch Grand Prix
1089,2022,16,Italian Grand Prix
1091,2022,17,Singapore Grand Prix
1092,2022,18,Japanese Grand Prix
1093,2022,19,United States Grand Prix
1094,2022,20,Mexico City Grand Prix
1095,2022,21,SÃo Paulo Grand Prix
1096,2022,22,Abu Dhabi Grand Prix
1098,2023,1,Bahrain Grand Prix
1099,2023,2,Saudi Arabian Grand Prix
1100,2023,3,Australian Grand Prix
1101,2023,4,Azerbaijan Grand Prix
1102,2023,5,Miami Grand Prix
1104,2023,6,Monaco Grand Prix
1105,2023,7,Spanish Grand Prix
1106,2023,8,Canadian Grand Prix
1107,2023,9,Austrian Grand Prix
1108,2023,10,British Grand Prix
1109,2023,11,Hungarian Grand Prix
1110,2023,12,Belgian Grand Prix
1111,2023,13,Dutch Grand Prix
1112,2023,14,Italian Grand Prix
1113,2023,15,Singapore Grand Prix
1114,2023,16,Japanese Grand Prix
1115,2023,17,Qatar Grand Prix
1116,2023,18,United States Grand Prix
1117,2023,19,Mexico City Grand Prix
1118,2023,20,SÃ£o Paulo Grand Prix
1119,2023,21,Las Vegas Grand Prix
1120,2023,22,Abu Dhabi Grand Prix
1121,2024,1,Bahrain Grand Prix
1122,2024,2,Saudi Arabian Grand Prix
1123,2024,3,Australian Grand Prix
1124,2024,4,Japanese Grand Prix
1125,2024,5,Chinese Grand Prix
1126,2024,6,Miami Grand Prix
1127,2024,7,Emilia Romagna Grand Prix
1128,2024,8,Monaco Grand Prix
1129,2024,9,Canadian Grand Prix
1130,2024,10,Spanish Grand Prix
1131,2024,11,Austrian Grand Prix
1132,2024,12,British Grand Prix
1133,2024,13,Hungarian Grand Prix
1134,2024,14,Belgian Grand Prix
1135,2024,15,Dutch Grand Prix
1136,2024,16,Italian Grand Prix
1137,2024,17,Azerbaijan Grand Prix
1138,2024,18,Singapore Grand Prix
1139,2024,19,United States Grand Prix
1140,2024,20,Mexico City Grand Prix
1141,2024,21,SÃ£o Paulo Grand Prix
1142,2024,22,Las Vegas Grand Prix
1143,2024,23,Qatar Grand Prix
1144,2024,24,Abu Dhabi Grand Prix
